{
    "param":{
        "facepoints_count":211,
        "design_img_width":700,
        "design_img_height":1004
    },
    "data":[
            122.000000,
            563.000000,
            123.000000,
            531.000000,
            124.000000,
            500.000000,
            129.000000,
            469.000000,
            134.000000,
            438.000000,
            141.000000,
            407.000000,
            149.000000,
            376.000000,
            159.000000,
            346.000000,
            171.000000,
            317.000000,
            187.000000,
            290.000000,
            206.000000,
            264.000000,
            227.000000,
            241.000000,
            250.000000,
            219.000000,
            273.000000,
            198.000000,
            301.000000,
            183.000000,
            331.000000,
            175.000000,
            363.000000,
            172.000000,
            393.000000,
            177.000000,
            422.000000,
            188.000000,
            448.000000,
            205.000000,
            470.000000,
            227.000000,
            492.000000,
            249.000000,
            512.000000,
            273.000000,
            530.000000,
            299.000000,
            545.000000,
            326.000000,
            556.000000,
            355.000000,
            565.000000,
            385.000000,
            572.000000,
            416.000000,
            577.000000,
            446.000000,
            582.000000,
            477.000000,
            584.000000,
            508.000000,
            585.000000,
            539.000000,
            584.000000,
            571.000000,
            159.000000,
            595.000000,
            189.000000,
            619.000000,
            228.000000,
            625.000000,
            268.000000,
            619.000000,
            302.000000,
            607.000000,
            404.000000,
            609.000000,
            438.000000,
            623.000000,
            477.000000,
            629.000000,
            515.000000,
            624.000000,
            545.000000,
            600.000000,
            356.000000,
            548.000000,
            357.000000,
            504.000000,
            359.000000,
            460.000000,
            360.000000,
            415.000000,
            312.000000,
            387.000000,
            337.000000,
            383.000000,
            360.000000,
            376.000000,
            382.000000,
            384.000000,
            406.000000,
            390.000000,
            196.000000,
            543.000000,
            225.000000,
            563.000000,
            263.000000,
            560.000000,
            290.000000,
            531.000000,
            259.000000,
            527.000000,
            223.000000,
            529.000000,
            417.000000,
            532.000000,
            442.000000,
            561.000000,
            478.000000,
            565.000000,
            507.000000,
            545.000000,
            482.000000,
            531.000000,
            447.000000,
            527.000000,
            190.000000,
            599.000000,
            228.000000,
            602.000000,
            265.000000,
            597.000000,
            299.000000,
            590.000000,
            407.000000,
            592.000000,
            441.000000,
            600.000000,
            477.000000,
            606.000000,
            514.000000,
            604.000000,
            244.000000,
            565.000000,
            241.000000,
            526.000000,
            244.000000,
            546.000000,
            459.000000,
            566.000000,
            465.000000,
            527.000000,
            458.000000,
            547.000000,
            322.000000,
            540.000000,
            387.000000,
            541.000000,
            309.000000,
            440.000000,
            408.000000,
            441.000000,
            289.000000,
            403.000000,
            427.000000,
            407.000000,
            265.000000,
            328.000000,
            303.000000,
            332.000000,
            338.000000,
            338.000000,
            361.000000,
            333.000000,
            384.000000,
            340.000000,
            417.000000,
            336.000000,
            454.000000,
            334.000000,
            419.000000,
            299.000000,
            388.000000,
            283.000000,
            362.000000,
            278.000000,
            335.000000,
            280.000000,
            302.000000,
            294.000000,
            280.000000,
            323.000000,
            337.000000,
            318.000000,
            361.000000,
            317.000000,
            385.000000,
            320.000000,
            440.000000,
            328.000000,
            386.000000,
            311.000000,
            361.000000,
            307.000000,
            337.000000,
            309.000000,
            242.000000,
            543.000000,
            462.000000,
            544.000000,
            168.000015,
            801.000000,
            200.000015,
            802.000000,
            236.000015,
            803.000000,
            270.000000,
            804.000000,
            427.000000,
            807.000000,
            461.000000,
            808.000000,
            495.000000,
            809.000000,
            526.000000,
            810.000000,
            287.000000,
            322.000000,
            304.000000,
            320.000000,
            323.000000,
            318.000000,
            344.000000,
            317.000000,
            350.000000,
            317.000000,
            355.000000,
            317.000000,
            366.000000,
            317.000000,
            371.000000,
            318.000000,
            377.000000,
            319.000000,
            398.000000,
            321.000000,
            417.000000,
            324.000000,
            433.000000,
            327.000000,
            433.000000,
            325.000000,
            417.000000,
            320.000000,
            399.000000,
            314.000000,
            378.000000,
            309.000000,
            372.000000,
            307.000000,
            366.000000,
            307.000000,
            355.000000,
            307.000000,
            350.000000,
            307.000000,
            344.000000,
            307.000000,
            323.000000,
            311.000000,
            304.000000,
            316.000000,
            287.000000,
            320.000000,
            269.000000,
            330.000000,
            279.000000,
            331.000000,
            292.000000,
            331.000000,
            311.000000,
            333.000000,
            321.000000,
            335.000000,
            330.000000,
            337.000000,
            344.000000,
            337.000000,
            350.000000,
            335.000000,
            356.000000,
            333.000000,
            366.000000,
            334.000000,
            371.000000,
            336.000000,
            377.000000,
            338.000000,
            391.000000,
            339.000000,
            399.000000,
            338.000000,
            408.000000,
            337.000000,
            427.000000,
            336.000000,
            439.000000,
            336.000000,
            449.000000,
            336.000000,
            449.000000,
            327.000000,
            439.000000,
            317.000000,
            428.000000,
            307.000000,
            411.000000,
            293.000000,
            403.000000,
            289.000000,
            394.000000,
            285.000000,
            381.000000,
            281.000000,
            374.000000,
