{
    "param":{
        "facepoints_count":114,
        "design_img_width":1080,
        "design_img_height":1920
    },
    "data":[
        212.728271,676.794983,
        214.528656,718.984863,
        217.816727,761.250549,
        223.681610,803.306763,
        231.670532,845.090332,
        241.357086,886.123718,
        252.577377,926.784485,
        266.167847,966.560486,
        283.516418,1004.912476,
        305.726624,1040.600342,
        332.023560,1073.212280,
        361.181488,1103.604614,
        392.063873,1132.217896,
        424.076599,1159.610840,
        459.008423,1182.573975,
        498.397766,1197.231934,
        540.175232,1202.272583,
        581.968323,1197.172974,
        621.469421,1182.684204,
        656.720093,1160.035400,
        688.971313,1132.656006,
        719.888855,1104.006592,
        748.862427,1073.378174,
        775.029907,1040.188354,
        796.963440,1004.079346,
        813.630127,965.478760,
        826.776855,925.291626,
        837.631897,884.260620,
        846.708801,842.998718,
        854.596558,801.513794,
        860.108154,759.605835,
        863.665283,717.464539,
        865.734924,675.161011,
        257.662415,649.278748,
        301.545044,613.480469,
        356.091370,610.117920,
        409.957397,621.052917,
        460.648132,639.364990,
        612.495117,640.482544,
        663.360291,622.372009,
        717.580322,611.635010,
        772.233398,615.377686,
        816.456421,651.496338,
        536.211426,720.587036,
        536.214355,779.183960,
        536.447510,838.250427,
        536.670776,897.405579,
        468.041931,931.206665,
        502.513000,939.068481,
        536.860535,946.124817,
        571.447266,938.510254,
        605.956665,930.547852,
        313.755310,720.234863,
        346.170502,696.716064,
        422.326813,706.967346,
        446.219055,739.389526,
        411.763245,748.543091,
        341.786255,742.086365,
        625.714722,739.811829,
        649.402466,707.855835,
        725.737061,697.493164,
        758.176514,720.588989,
        730.141235,742.477905,
        660.248596,749.113586,
        302.600830,644.171204,
        355.235962,643.513672,
        407.924988,652.304626,
        458.270050,664.428467,
        615.269165,665.910706,
        665.648560,654.187012,
        718.482483,645.475586,
        771.286743,646.489624,
        385.468506,691.932739,
        375.960754,751.705078,
        380.273468,724.714783,
        685.956970,692.915039,
        695.909119,752.130493,
        691.396973,725.295898,
        491.199280,729.897034,
        580.720215,730.125244,
        469.261719,863.321594,
        604.166931,862.575623,
        446.658691,904.132507,
        627.224976,903.230713,
        425.551697,1019.468994,
        470.060211,1013.412781,
        513.456543,1007.506958,
        537.469727,1011.495483,
        561.492615,1007.815186,
        604.279114,1011.448853,
        648.843201,1016.371704,
        619.115723,1050.352905,
        582.003601,1075.992310,
        537.996216,1084.876465,
        493.992462,1077.239014,
        456.164307,1051.927246,
        442.643097,1024.164062,
        490.496063,1029.194092,
        537.757568,1033.962402,
        584.755493,1027.650146,
        631.956909,1021.199890,
        585.131409,1034.963135,
        537.449585,1042.302490,
        489.753937,1036.406982,
        380.251953,724.656860,
        691.531616,725.339905
            ]
}

