{
    "param":{
        "facepoints_count":192,
        "design_img_width":700,
        "design_img_height":1004
    },
    "data":[
            126.000000,
            552.000000,
            129.000000,
            496.000000,
            140.000000,
            442.000000,
            156.000000,
            388.000000,
            173.000000,
            337.000000,
            198.000000,
            289.000000,
            230.000000,
            251.000000,
            268.000000,
            217.000000,
            311.000000,
            193.000000,
            364.000000,
            186.000000,
            413.000000,
            197.000000,
            455.000000,
            225.000000,
            489.000000,
            261.000000,
            519.000000,
            302.000000,
            540.000000,
            349.000000,
            556.000000,
            400.000000,
            567.000000,
            454.000000,
            574.000000,
            509.000000,
            573.000000,
            563.000000,
            165.000000,
            587.000000,
            188.000000,
            611.000000,
            218.000000,
            618.000000,
            249.000000,
            617.000000,
            279.000000,
            610.000000,
            301.000000,
            589.000000,
            273.000000,
            590.000000,
            246.000000,
            594.000000,
            219.000000,
            596.000000,
            192.000000,
            594.000000,
            404.000000,
            589.000000,
            425.000000,
            612.000000,
            454.000000,
            620.000000,
            485.000000,
            623.000000,
            513.000000,
            616.000000,
            535.000000,
            592.000000,
            509.000000,
            598.000000,
            484.000000,
            600.000000,
            457.000000,
            597.000000,
            431.000000,
            592.000000,
            198.000000,
            538.000000,
            210.000000,
            551.000000,
            225.000000,
            557.000000,
            244.000000,
            559.000000,
            263.000000,
            555.000000,
            278.000000,
            544.000000,
            289.000000,
            527.000000,
            273.000000,
            526.000000,
            258.000000,
            525.000000,
            242.000000,
            524.000000,
            225.000000,
            527.000000,
            211.000000,
            531.000000,
            417.000000,
            530.000000,
            427.000000,
            547.000000,
            442.000000,
            557.000000,
            461.000000,
            562.000000,
            478.000000,
            561.000000,
            493.000000,
            555.000000,
            505.000000,
            543.000000,
            493.000000,
            535.000000,
            479.000000,
            530.000000,
            464.000000,
            527.000000,
            447.000000,
            527.000000,
            432.000000,
            529.000000,
            324.000000,
            535.000000,
            325.000000,
            488.000000,
            319.000000,
            440.000000,
            292.000000,
            417.000000,
            300.000000,
            386.000000,
            344.000000,
            376.000000,
            372.000000,
            377.000000,
            415.000000,
            390.000000,
            420.000000,
            421.000000,
            393.000000,
            443.000000,
            384.000000,
            489.000000,
            381.000000,
            536.000000,
            264.000000,
            329.000000,
            297.000000,
            335.000000,
            331.000000,
            337.000000,
            360.000000,
            334.000000,
            389.000000,
            339.000000,
            420.000000,
            339.000000,
            453.000000,
            335.000000,
            428.000000,
            306.000000,
            400.000000,
            287.000000,
            362.000000,
            279.000000,
            324.000000,
            284.000000,
            291.000000,
            302.000000,
            274.000000,
            326.000000,
            319.000000,
            321.000000,
            361.000000,
            316.000000,
            400.000000,
            323.000000,
            442.000000,
            331.000000,
            403.000000,
            316.000000,
            362.000000,
            308.000000,
            318.000000,
            313.000000,
            243.000000,
            539.000000,
            461.000000,
            542.000000,
            353.000000,
            536.000000,
            356.000000,
            448.000000,
            357.000000,
            405.000000,
            358.000000,
            377.000000,
            163.500015,
            768.500000,
            187.500015,
            769.500000,
            213.500015,
            769.500000,
            240.500015,
            770.500000,
            449.500000,
            777.500000,
            476.500000,
            778.500000,
            503.500000,
            778.500000,
            523.500000,
            779.500000,
            279.000000,
            325.000000,
            291.000000,
            323.000000,
            306.000000,
            322.000000,
            328.000000,
            319.000000,
            340.000000,
            318.000000,
            351.000000,
            316.000000,
            370.000000,
            316.000000,
            380.000000,
            318.000000,
            390.000000,
            321.000000,
            411.000000,
            325.000000,
            425.000000,
            327.000000,
            437.000000,
            330.000000,
            437.000000,
            328.000000,
            426.000000,
            324.000000,
            413.000000,
            319.000000,
            393.000000,
            313.000000,
            382.000000,
            310.000000,
            371.000000,
            308.000000,
            351.000000,
            308.000000,
            340.000000,
            309.000000,
            328.000000,
            311.000000,
            305.000000,
            315.000000,
            291.000000,
            319.000000,
            279.000000,
            323.000000,
            267.000000,
            331.000000,
            277.000000,
            333.000000,
            288.000000,
            334.000000,
            305.000000,
            335.000000,
            314.000000,
            336.000000,
            323.000000,
            336.000000,
            338.000000,
            336.000000,
            345.000000,
            335.000000,
            353.000000,
            334.000000,
            366.000000,
            334.000000,
            374.000000,
            336.000000,
            382.000000,
            338.000000,
            396.000000,
            339.000000,
            404.000000,
            339.000000,
            412.000000,
            339.000000,
            428.000000,
            338.000000,
            439.000000,
            338.000000,
            448.000000,
            337.000000,
            450.000000,
            329.000000,
            443.000000,
            321.000000,
            434.000000,
            312.000000,
            421.000000,
            301.000000,
            414.000000,
            295.000000,
            407.000000,
            290.000000,
            391.000000,
            284.000000,
            381.000000,
            281.000000,
            371.000000,
            279.000000,
            352.000000,
            279.000000,
            342.000000,
            280.000000,
            332.000000,
            281.000000,
            315.000000,
