{
    "param":{
        "facepoints_count":211,
        "design_img_width":720,
        "design_img_height":1280
    },
    "data":[
        142.109344,
        829.028198,
        143.217865,
        800.886169,
        145.322296,
        772.698120,
        149.173309,
        744.644958,
        154.474152,
        716.770691,
        160.922989,
        689.395874,
        168.387207,
        662.266357,
        177.410370,
        635.715149,
        188.926331,
        610.099854,
        203.670593,
        586.250610,
        221.136383,
        564.437744,
        240.501282,
        544.081604,
        261.005402,
        524.894043,
        282.284515,
        506.519531,
        305.548462,
        491.118774,
        331.817627,
        481.294067,
        359.687531,
        477.886780,
        387.627075,
        481.214600,
        414.058014,
        490.804688,
        437.658691,
        505.882202,
        459.236389,
        524.177612,
        479.901917,
        543.369995,
        499.266815,
        563.892212,
        516.744934,
        586.126221,
        531.389282,
        610.306885,
        542.513306,
        636.139648,
        551.280090,
        663.024231,
        558.521790,
        690.469482,
        564.582397,
        718.061646,
        569.840210,
        745.801636,
        573.491760,
        773.825073,
        575.821777,
        802.003113,
        577.154846,
        830.289307,
        172.171921,
        847.307861,
        201.488861,
        871.272461,
        237.828949,
        873.428040,
        273.683716,
        866.088135,
        307.438477,
        853.894409,
        408.135742,
        853.312012,
        441.997711,
        865.468933,
        478.098267,
        872.761353,
        514.536865,
        870.431030,
        544.103027,
        846.241882,
        357.470062,
        799.883057,
        357.460480,
        760.750122,
        357.603394,
        721.304749,
        357.736023,
        681.797852,
        311.894623,
        659.077026,
        334.885925,
        653.879272,
        357.796143,
        649.190552,
        380.908081,
        654.213623,
        403.976654,
        659.447266,
        209.378143,
        800.132202,
        231.070801,
        815.922485,
        281.959198,
        808.942627,
        297.806244,
        787.155884,
        274.760498,
        781.052551,
        228.026489,
        785.414734,
        416.943939,
        787.072021,
        432.642059,
        808.548706,
        483.638519,
        815.735474,
        505.389587,
        800.265686,
        486.785889,
        785.501099,
        440.093719,
        780.943909,
        202.161057,
        850.676941,
        237.234985,
        851.050720,
        272.317047,
        845.172668,
        305.849976,
        837.110046,
        409.952972,
        836.278198,
        443.504547,
        844.153076,
        478.695068,
        850.060242,
        513.909790,
        849.518677,
        257.358337,
        819.097839,
        250.841522,
        778.922180,
        253.803345,
        797.059265,
        457.017975,
        818.698914,
        463.947052,
        778.951599,
        460.796631,
        796.972290,
        327.631683,
        793.577820,
        387.043884,
        793.523193,
        312.757477,
        704.464966,
        402.870026,
        704.946655,
        297.742737,
        677.185669,
        418.121429,
        677.764893,
        283.243896,
        600.296509,
        313.040375,
        604.259277,
        342.049988,
        608.184143,
        358.092072,
        605.460815,
        374.147095,
        607.911133,
        402.764587,
        605.396423,
        432.587677,
        602.064209,
        412.591461,
        579.481628,
        387.749847,
        562.416016,
        358.345367,
        556.530518,
        328.972321,
        561.669922,
        303.725555,
        578.627808,
        294.585052,
        597.163513,
        326.609344,
        593.599609,
        358.226532,
        590.325989,
        389.729034,
        594.480103,
        421.389587,
        598.837219,
        389.994934,
        589.804321,
        358.034058,
        584.990051,
        326.123169,
        588.990356,
        253.788910,
        797.097839,
        460.886597,
        796.943359,
        527.510864,
        1027.038696,
        496.510864,
        1027.038696,
        462.510864,
        1027.038696,
        429.510864,
        1027.038696,
        282.510864,
        1026.038696,
        249.510864,
        1026.038696,
        215.510864,
        1026.038696,
        183.510864,
        1026.038696,
        297.000000,
        598.000000,
        306.000000,
        597.000000,
        317.000000,
        596.000000,
        333.000000,
        594.000000,
        342.000000,
        593.000000,
        350.000000,
        592.000000,
        365.000000,
        592.000000,
        373.000000,
        593.000000,
        381.000000,
        594.000000,
        397.000000,
        597.000000,
        408.000000,
        598.000000,
        417.000000,
        599.000000,
        417.000000,
        598.000000,
        408.000000,
        596.000000,
        397.000000,
        593.000000,
        381.000000,
        589.000000,
        373.000000,
        587.000000,
        365.000000,
        586.000000,
        350.000000,
        586.000000,
        342.000000,
        587.000000,
        333.000000,
        588.000000,
        317.000000,
        592.000000,
        306.000000,
        595.000000,
        297.000000,
        597.000000,
        286.000000,
        603.000000,
        295.000000,
        604.000000,
        304.000000,
        605.000000,
        320.000000,
        607.000000,
        328.000000,
        608.000000,
        336.000000,
        609.000000,
        346.000000,
        609.000000,
        350.000000,
        608.000000,
        354.000000,
        607.000000,
        361.000000,
        607.000000,
        365.000000,
        607.000000,
        369.000000,
        608.000000,
        379.000000,
        608.000000,
        387.000000,
        607.000000,
        395.000000,
        607.000000,
        410.000000,
        606.000000,
        420.000000,
        606.000000,
        428.000000,
        605.000000,
        430.000000,
        599.000000,
        424.000000,
        593.000000,
        417.000000,
        586.000000,
        406.000000,
        576.000000,
        400.000000,
        571.000000,
        393.000000,
        567.000000,
        380.000000,
        561.000000,
        372.000000,
        559.000000,
        364.000000,
        558.000000,
        350.000000,
        558.000000,
        342.000000,
        559.000000,
        334.000000,
        560.000000,
        321.000000,
        566.000000,
        314.000000,
        570.000000,
        308.000000,
        575.000000,
        297.000000,
        585.000000,
        290.000000,
        591.000000,
        284.000000,
        597.000000,
        77.421387,
        873.197266,
        78.862396,
        836.612671,
        81.598175,
        799.968140,
        86.604492,
        763.499084,
        93.495605,
        727.262573,
        101.879074,
        691.675293,
        111.582565,
        656.406921,
        123.312653,
        621.890320,
        138.283417,
        588.590454,
        157.450989,
        557.586426,
        180.156494,
        529.229736,
        205.330872,
        502.766724,
        231.986237,
        477.822876,
        259.649048,
        453.936035,
        289.892212,
        433.915039,
        324.042084,
        421.142944,
        360.272980,
        416.713440,
        396.594391,
        421.039612,
        430.954590,
        433.506714,
        461.635498,
        453.107483,
        489.686493,
        476.891541,
        516.551697,
        501.841614,
        541.726074,
